{
    "observation.state": {
        "min": [
            -71.78022003173828,
            -101.89010620117188,
            -73.4945068359375,
            26.681318283081055,
            -19.120878219604492,
            2.1232876777648926
        ],
        "max": [
            23.16483497619629,
            58.28571319580078,
            95.9120864868164,
            100.26373291015625,
            63.69230651855469,
            56.98630142211914
        ],
        "mean": [
            -30.012312454389455,
            -35.55176335336889,
            39.87322720677158,
            68.17490574895652,
            17.510584598816862,
            12.607473922126081
        ],
        "std": [
            28.424316407771038,
            57.40675484054519,
            53.65915960695358,
            12.23920394743195,
            14.363676743121271,
            14.370174705377504
        ],
        "count": [
            4969
        ],
        "q01": [
            -66.39691825401471,
            -101.861163229356,
            -56.56541958111252,
            48.42478382427425,
            -3.067077446471376,
            2.249329368409364
        ],
        "q10": [
            -61.95443652253088,
            -101.82362284211995,
            -50.75166483988586,
            55.56380544458398,
            0.3814477822145717,
            2.249329368409364
        ],
        "q50": [
            -32.06637677942148,
            -32.71446873316768,
            53.25426504445375,
            66.08048931033362,
            16.14305606248036,
            4.474262712167941
        ],
        "q90": [
            17.60060702531975,
            44.153702535822454,
            93.05206788040444,
            85.54124756126534,
            38.2223981149006,
            34.84249809946141
        ],
        "q99": [
            20.076885960149625,
            51.520777632654244,
            93.8955219628836,
            100.03621863871277,
            40.76010918008166,
            38.87230636780036
        ]
    },
    "episode_index": {
        "min": [
            0
        ],
        "max": [
            9
        ],
        "mean": [
            4.484000804990944
        ],
        "std": [
            2.9185970097863225
        ],
        "count": [
            4969
        ],
        "q01": [
            4.484000804990944
        ],
        "q10": [
            4.484000804990947
        ],
        "q50": [
            4.484000804990964
        ],
        "q90": [
            4.48400080499098
        ],
        "q99": [
            4.484000804990983
        ]
    },
    "index": {
        "min": [
            0
        ],
        "max": [
            4968
        ],
        "mean": [
            2484.0
        ],
        "std": [
            1434.4267147540165
        ],
        "count": [
            4969
        ],
        "q01": [
            2233.4247058320607
        ],
        "q10": [
            2279.590534352908
        ],
        "q50": [
            2483.785431273898
        ],
        "q90": [
            2688.3258786074457
        ],
        "q99": [
            2734.5752941679393
        ]
    },
    "observation.images.front": {
        "min": [
            [
                [
                    0.0
                ]
            ],
            [
                [
                    0.0
                ]
            ],
            [
                [
                    0.0
                ]
            ]
        ],
        "max": [
            [
                [
                    1.0
                ]
            ],
            [
                [
                    1.0
                ]
            ],
            [
                [
                    1.0
                ]
            ]
        ],
        "mean": [
            [
                [
                    0.5648716711914522
                ]
            ],
            [
                [
                    0.5673547463226253
                ]
            ],
            [
                [
                    0.5747155735659127
                ]
            ]
        ],
        "std": [
            [
                [
                    0.01385247880531541
                ]
            ],
            [
                [
                    0.01320023622054039
                ]
            ],
            [
                [
                    0.011071779268472257
                ]
            ]
        ],
        "count": [
            95404800
        ],
        "q01": [
            [
                [
                    0.03220718054318608
                ]
            ],
            [
                [
                    0.007189614245410436
                ]
            ],
            [
                [
                    -5.3373346118483624e-11
                ]
            ]
        ],
        "q10": [
            [
                [
                    0.1672439110012852
                ]
            ],
            [
                [
                    0.17486671817272367
                ]
            ],
            [
                [
                    0.1441224874852115
                ]
            ]
        ],
        "q50": [
            [
                [
                    0.6323016774905487
                ]
            ],
            [
                [
                    0.617729675607347
                ]
            ],
            [
                [
                    0.6285252650217148
                ]
            ]
        ],
        "q90": [
            [
                [
                    0.8734130863512574
                ]
            ],
            [
                [
                    0.8639288618798395
                ]
            ],
            [
                [
                    0.8842348654299249
                ]
            ]
        ],
        "q99": [
            [
                [
                    0.9993620515758194
                ]
            ],
            [
                [
                    0.9971350084660422
                ]
            ],
            [
                [
                    0.9998848553842967
                ]
            ]
        ]
    },
    "task_index": {
        "min": [
            0
        ],
        "max": [
            0
        ],
        "mean": [
            0.0
        ],
        "std": [
            0.0
        ],
        "count": [
            4969
        ],
        "q01": [
            3.9999999999994176e-16
        ],
        "q10": [
            3.9999999999994166e-15
        ],
        "q50": [
            1.9999999999997088e-14
        ],
        "q90": [
            3.5999999999994754e-14
        ],
        "q99": [
            3.959999999999423e-14
        ]
    },
    "timestamp": {
        "min": [
            0.0
        ],
        "max": [
            23.033333333333335
        ],
        "mean": [
            8.5012812772523
        ],
        "std": [
            5.207581934840493
        ],
        "count": [
            4969
        ],
        "q01": [
            0.14877147155935175
        ],
        "q10": [
            1.6876324222717596
        ],
        "q50": [
            8.494128986382158
        ],
        "q90": [
            15.312143897577942
        ],
        "q99": [
            16.853791082945243
        ]
    },
    "action": {
        "min": [
            -72.57142639160156,
            -103.82417297363281,
            -76.17582702636719,
            25.670330047607422,
            -19.648351669311523,
            0.0
        ],
        "max": [
            23.78022003173828,
            57.406593322753906,
            95.6043930053711,
            102.68132019042969,
            63.868133544921875,
            57.27348327636719
        ],