{
    "action": {
        "min": [
            -6.109889984130859,
            -102.68132019042969,
            -30.72527503967285,
            17.846153259277344,
            -2.5934066772460938,
            1.0806317329406738
        ],
        "max": [
            -1.274725317955017,
            -24.08791160583496,
            97.62637329101562,
            70.94505310058594,
            2.241758346557617,
            1.2468827962875366
        ],
        "mean": [
            -2.8782291412353516,
            -86.78450012207031,
            77.52486419677734,
            55.34487533569336,
            1.23760187625885,
            1.0915825366973877
        ],
        "std": [
            1.2509316205978394,
            27.27497673034668,
            38.76583480834961,
            19.034046173095703,
            1.6970338821411133,
            0.03679807484149933
        ],
        "count": [
            296
        ],
        "q01": [
            -6.109889984130859,
            -102.60224285494897,
            -30.72527503967285,
            17.846153259277344,
            -2.5063341569900515,
            1.0806317329406738
        ],
        "q10": [
            -5.49456672668457,
            -102.58873020295174,
            -2.4211685180664064,
            22.68155242919922,
            -2.5057974576950075,
            1.0806317329406738
        ],
        "q50": [
            -2.593640855539625,
            -102.49636586507161,
            97.09542566504182,
            69.35239365521599,
            1.9783366291793352,
            1.0806317329406738
        ],
        "q90": [
            -1.2754235494427564,
            -27.256797790527344,
            97.1125989579885,
            70.15765841869597,
            2.066584316376717,
            1.0806317329406738
        ],
        "q99": [
            -1.274795141103791,
            -24.103420486450194,
            97.46883889334542,
            70.94056230817522,
            2.2415675201416017,
            1.2468745923042297
        ]
    },
    "observation.state": {
        "min": [
            -5.758241653442383,
            -102.06593322753906,
            -28.483516693115234,
            18.94505500793457,
            -1.9780219793319702,
            2.1232876777648926
        ],
        "max": [
            -1.802197813987732,
            -24.08791160583496,
            97.23076629638672,
            70.63735961914062,
            1.802197813987732,
            2.3287670612335205
        ],
        "mean": [
            -2.849715232849121,
            -86.43529510498047,
            78.01502227783203,
            55.587791442871094,
            1.1912639141082764,
            2.124910354614258
        ],
        "std": [
            1.179604172706604,
            27.261295318603516,
            37.917686462402344,
            18.62540626525879,
            1.3774917125701904,
            0.01674455963075161
        ],
        "count": [
            296
        ],
        "q01": [
            -5.758241653442383,
            -102.06593322753906,
            -28.483516693115234,
            18.94505500793457,
            -1.9780219793319702,
            2.1232876777648926
        ],
        "q10": [
            -5.494294452667236,
            -102.06593322753906,
            0.16928138732910158,
            23.52447690963745,
            -1.9780219793319702,
            2.1232876777648926
        ],
        "q50": [
            -2.41738848582558,
            -102.06593322753906,
            96.9618343121439,
            69.13943142361111,
            1.8017429694896792,
            2.1232876777648926
        ],
        "q90": [
            -1.8027069288751354,
            -26.639353942871093,
            96.97828372512733,
            69.9322738647461,
            1.8021068450881215,
            2.1232876777648926
        ],
        "q99": [
            -1.8022487254764723,
            -24.091758715311688,
            97.22638917810777,
            70.63500577486478,
            1.8021887170977708,
            2.1917550277709963
        ]
    },
    "timestamp": {
        "min": [
            0.0
        ],
        "max": [
            9.833333333333334
        ],
        "mean": [
            4.916666666666666
        ],
        "std": [
            2.848245073725224
        ],
        "count": [
            296
        ],
        "q01": [
            0.0667879999013584
        ],
        "q10": [
            0.9668133332529972
        ],
        "q50": [
            4.900933333333013
        ],
        "q90": [
            8.866520000080335
        ],
        "q99": [
            9.766545333431974
        ]
    },
    "frame_index": {
        "min": [
            0
        ],
        "max": [
            295
        ],
        "mean": [
            147.5
        ],
        "std": [
            85.44735221175668
        ],
        "count": [
            296
        ],
        "q01": [
            2.003639999901358
        ],
        "q10": [
            29.004399999919663
        ],
        "q50": [
            147.02799999999968
        ],
        "q90": [
            265.9956000000803
        ],
        "q99": [
            292.9963600000986
        ]
    },
    "episode_index": {
        "min": [
            0
        ],
        "max": [
            0
        ],
        "mean": [
            0.0
        ],
        "std": [
            0.0
        ],
        "count": [
            296
        ],
        "q01": [
            3.9999999999994176e-16
        ],
        "q10": [
            3.999999999999417e-15
        ],
        "q50": [
            1.9999999999997088e-14
        ],
        "q90": [
            3.599999999999476e-14
        ],
        "q99": [
            3.9599999999994235e-14
        ]
    },
    "index": {
        "min": [
            0
        ],
        "max": [
            295
        ],
        "mean": [
            147.5
        ],
        "std": [
            85.44735221175668
        ],
        "count": [
            296
        ],
        "q01": [
            2.003639999901358
        ],
        "q10": [
            29.004399999919663
        ],
        "q50": [
            147.02799999999968
        ],
        "q90": [
            265.9956000000803
        ],
        "q99": [
            292.9963600000986
        ]
    },
    "task_index": {
        "min": [
            0
        ],
        "max": [
            0
        ],
        "mean": [
            0.0
        ],
        "std": [
            0.0
        ],
        "count": [
            296
        ],
        "q01": [
            3.9999999999994176e-16
        ],
        "q10": [
            3.999999999999417e-15
        ],
        "q50": [
            1.9999999999997088e-14
        ],
        "q90": [
            3.599999999999476e-14
        ],
        "q99": [
            3.9599999999994235e-14
        ]
    },
    "observation.images.front": {
        "min": [
            [
                [
                    0.0
                ]
            ],
            [
                [
                    0.0
                ]
            ],
            [
                [
                    0.0
                ]
            ]
        ],
        "max": [
            [
                [
                    1.0
                ]
            ],
            [
                [
                    1.0
                ]
            ],
            [
                [
                    1.0
                ]
            ]
        ],
        "mean": [
            [
                [
                    0.5179941451101837
                ]
            ],
            [
                [
                    0.5247213983284754
                ]
            ],
            [
                [
                    0.530317063846935
                ]
            ]
        ],