{
    "task_index": {
        "min": [
            0
        ],
        "max": [
            0
        ],
        "mean": [
            0.0
        ],
        "std": [
            0.0
        ],
        "count": [
            5260
        ],
        "q01": [
            3.9999999999994176e-16
        ],
        "q10": [
            3.999999999999419e-15
        ],
        "q50": [
            1.9999999999997088e-14
        ],
        "q90": [
            3.599999999999476e-14
        ],
        "q99": [
            3.959999999999424e-14
        ]
    },
    "frame_index": {
        "min": [
            0
        ],
        "max": [
            443
        ],
        "mean": [
            139.78859315589352
        ],
        "std": [
            92.71785866137564
        ],
        "count": [
            5260
        ],
        "q01": [
            2.4175821603579917
        ],
        "q10": [
            27.513672402961483
        ],
        "q50": [
            139.51497190114043
        ],
        "q90": [
            252.06351390882566
        ],
        "q99": [
            277.1596041514291
        ]
    },
    "observation.state": {
        "min": [
            -28.703296661376953,
            -102.15384674072266,
            -22.85714340209961,
            18.241758346557617,
            -25.36263656616211,
            2.0547945499420166
        ],
        "max": [
            44.61538314819336,
            14.417582511901855,
            97.4065933227539,
            97.53845977783203,
            22.63736343383789,
            70.06849670410156
        ],
        "mean": [
            24.196788878132633,
            -36.45358923016392,
            51.88883827049923,
            57.32048045691428,
            5.828055821036204,
            17.4423233884369
        ],
        "std": [
            16.132739332178915,
            37.808412637754515,
            25.82209988906672,
            11.960779179960587,
            7.59702077993901,
            19.51750247404528
        ],
        "count": [
            5260
        ],
        "q01": [
            -3.9218304704281914,
            -100.67849320241251,
            11.481519052267302,
            39.81786558114621,
            -4.0491872651098815,
            2.2033178712025343
        ],
        "q10": [
            -2.0443456465584218,
            -100.63297895153758,
            17.72190472280925,
            44.343245854994194,
            -2.7797593701182572,
            2.2086116109953537
        ],
        "q50": [
            31.71808360007326,
            -21.27092462760278,
            49.21747467259497,
            56.0562880598578,
            6.7494127566558175,
            7.933265386411051
        ],
        "q90": [
            38.82244814137828,
            -1.5503287685294294,
            92.38195617268525,
            72.95280958584699,
            13.032143094547727,
            45.82690902539857
        ],
        "q99": [
            40.11672234417798,
            -1.1040083902022564,
            97.0666110110583,
            77.16068969098308,
            14.118342948744491,
            46.006684880914804
        ]
    },
    "index": {
        "min": [
            0
        ],
        "max": [
            5259
        ],
        "mean": [
            2629.5
        ],
        "std": [
            1518.4311805281134
        ],
        "count": [
            5260
        ],
        "q01": [
            2492.1289890044636
        ],
        "q10": [
            2517.225079247068
        ],
        "q50": [
            2629.2263787452466
        ],
        "q90": [
            2741.774920752932
        ],
        "q99": [
            2766.8710109955364
        ]
    },
    "episode_index": {
        "min": [
            0
        ],
        "max": [
            19
        ],
        "mean": [
            8.515969581749049
        ],
        "std": [
            5.941214854374717
        ],
        "count": [
            5260
        ],
        "q01": [
            8.515969581749049
        ],
        "q10": [
            8.515969581749053
        ],
        "q50": [
            8.515969581749072
        ],
        "q90": [
            8.515969581749085
        ],
        "q99": [
            8.515969581749088
        ]
    },
    "action": {
        "min": [
            -29.318681716918945,
            -102.68132019042969,
            -25.714284896850586,
            16.703296661376953,
            -25.80219841003418,
            0.0
        ],
        "max": [
            44.70329666137695,
            14.241758346557617,
            97.53845977783203,
            97.75823974609375,
            23.16483497619629,
            70.40731811523438
        ],
        "mean": [
            24.547404405644635,
            -35.79180173982685,
            48.942543733981175,
            57.1520658493042,
            5.730615149160755,
            16.64768601751146
        ],
        "std": [
            15.859753285326189,
            36.990284200011104,
            26.40495501991062,
            12.204097293531936,
            7.71873279946443,
            20.28605485162013
        ],
        "count": [
            5260
        ],
        "q01": [
            -4.057160206544043,
            -101.08312440589354,
            8.324202593587652,
            39.03453679643484,
            -4.43560164218385,
            0.8638106661225383
        ],
        "q10": [
            -1.8342640993749788,
            -100.52149032265153,
            12.803458240898896,
            44.04415437520688,
            -3.1265884525434617,
            0.9055198488697795
        ],
        "q50": [
            31.818467866033398,
            -21.049812111489604,
            46.82050405217064,
            55.89772401581164,
            6.628576556636393,
            6.645888374148884
        ],
        "q90": [
            38.97193073587208,
            -2.121109840648343,
            88.3532226647406,
            73.86904968798339,
            13.193386472280311,
            46.05243197587765
        ],
        "q99": [
            40.46440110079066,
            -1.2182168661531216,
            97.2774927311828,
            77.38908437706458,
            14.495254792705364,
            46.37593700007129
        ]
    },
    "timestamp": {
        "min": [
            0.0
        ],
        "max": [
            14.766666666666667
        ],
        "mean": [
            4.659619771863118
        ],
        "std": [
            3.09059528871252
        ],
        "count": [
            5260
        ],
        "q01": [
            0.08058607191692793
        ],
        "q10": [
            0.9171224133543832
        ],
        "q50": [
            4.650443965779257
        ],
        "q90": [
            8.402117130371852
        ],
        "q99": [
            9.238653471809307
        ]
    },
    "observation.images.front": {
        "min": [
            [
                [
                    0.0
                ]
            ],
            [
                [
                    0.0
                ]
            ],
            [
                [
                    0.0
                ]
            ]
        ],
        "max": [
            [
                [
                    1.0
                ]
            ],
            [
                [
                    1.0
                ]
            ],
            [
                [
                    1.0
                ]
            ]
        ],
        "mean": [
            [
                [
                    0.45349349270918776
                ]
            ],
            [
                [
                    0.4821170333817936
                ]
            ],
            [
                [
                    0.5279983092040683
                ]
            ]
        ],