{
    "action": {
        "min": [
            -33.36263656616211,
            -103.56044006347656,
            45.31867980957031,
            -8.439560890197754,
            -24.659339904785156,
            0.0
        ],
        "max": [
            2.241758346557617,
            18.72527503967285,
            97.97801971435547,
            72.96703338623047,
            37.67033004760742,
            39.15211868286133
        ],
        "mean": [
            -3.906644821166992,
            -90.89928436279297,
            92.22850799560547,
            63.880558013916016,
            -1.448696255683899,
            2.166184425354004
        ],
        "std": [
            10.458049774169922,
            29.758501052856445,
            12.9440279006958,
            19.719715118408203,
            9.895593643188477,
            6.780697822570801
        ],
        "count": [
            1794
        ],
        "q01": [
            -33.27367974281311,
            -102.59401212494949,
            48.309414558410644,
            1.2305647659301757,
            -24.474919158935545,
            0.6579350498935689
        ],
        "q10": [
            -23.86949733098348,
            -102.33326032850478,
            67.12680877685547,
            25.141695404052733,
            -4.6245641304942335,
            0.6596458793976956
        ],
        "q50": [
            0.04658438942649148,
            -102.2582117026596,
            97.28005885284097,
            72.95678723242975,
            -2.9483358510335287,
            0.9088922730863911
        ],
        "q90": [
            1.3658226387632406,
            -18.991309356689452,
            97.36487815783808,
            72.96498415547032,
            -2.4963865633364075,
            0.9153067498990934
        ],
        "q99": [
            1.6230769771999782,
            18.460559031168618,
            97.44843899536133,
            72.96682846315446,
            37.58013626825242,
            39.14573239066384
        ]
    },
    "observation.state": {
        "min": [
            -33.18681335449219,
            -102.15384674072266,
            48.17582321166992,
            -6.901098728179932,
            -24.131868362426758,
            2.1232876777648926
        ],
        "max": [
            1.6263736486434937,
            5.362637519836426,
            97.31867980957031,
            72.48351287841797,
            37.230770111083984,
            38.904109954833984
        ],
        "mean": [
            -4.1749267578125,
            -90.93103790283203,
            92.20288848876953,
            63.497562408447266,
            -1.198278784751892,
            3.7088630199432373
        ],
        "std": [
            10.418534278869629,
            28.82530975341797,
            12.761598587036133,
            19.479894638061523,
            9.748836517333984,
            6.433853626251221
        ],
        "count": [
            1794
        ],
        "q01": [
            -33.18681335449219,
            -102.15384674072266,
            50.73110336303711,
            2.782871837615967,
            -24.034424018859863,
            2.1232876777648926
        ],
        "q10": [
            -24.743223190307617,
            -102.15384674072266,
            66.81275787353516,
            24.755532279381384,
            -4.272800929189021,
            2.1232876777648926
        ],
        "q50": [
            -0.30419681174328705,
            -101.98038116753781,
            97.06214613640445,
            72.47351185123573,
            -2.506921567128934,
            2.1232876777648926
        ],
        "q90": [
            1.1860343048708886,
            -18.901681518554685,
            97.31659846029991,
            72.48151267298152,
            -2.1557440076555525,
            2.814162329543089
        ],
        "q99": [
            1.3632137298583984,
            5.177967099276456,
            97.31847167464328,
            72.48331285787432,
            37.22753250009873,
            38.900543901598134
        ]
    },
    "timestamp": {
        "min": [
            0.0
        ],
        "max": [
            59.766666666666666
        ],
        "mean": [
            29.883333333333336
        ],
        "std": [
            17.26277036691216
        ],
        "count": [
            1794
        ],
        "q01": [
            0.5730427999019176
        ],
        "q10": [
            5.969494666586644
        ],
        "q50": [
            29.871379999999963
        ],
        "q90": [
            53.797172000080025
        ],
        "q99": [
            59.19362386676475
        ]
    },
    "frame_index": {
        "min": [
            0
        ],
        "max": [
            1793
        ],
        "mean": [
            896.5
        ],
        "std": [
            517.883111007365
        ],
        "count": [
            1794
        ],
        "q01": [
            17.19128399990192
        ],
        "q10": [
            179.08483999991998
        ],
        "q50": [
            896.1413999999999
        ],
        "q90": [
            1613.9151600000798
        ],
        "q99": [
            1775.808716000098
        ]
    },
    "episode_index": {
        "min": [
            0
        ],
        "max": [
            0
        ],
        "mean": [
            0.0
        ],
        "std": [
            0.0
        ],
        "count": [
            1794
        ],
        "q01": [
            3.9999999999994176e-16
        ],
        "q10": [
            3.999999999999417e-15
        ],
        "q50": [
            1.9999999999997088e-14
        ],
        "q90": [
            3.599999999999476e-14
        ],
        "q99": [
            3.9599999999994235e-14
        ]
    },
    "index": {
        "min": [
            0
        ],
        "max": [
            1793
        ],
        "mean": [
            896.5
        ],
        "std": [
            517.883111007365
        ],
        "count": [
            1794
        ],
        "q01": [
            17.19128399990192
        ],
        "q10": [
            179.08483999991998
        ],
        "q50": [
            896.1413999999999
        ],
        "q90": [
            1613.9151600000798
        ],
        "q99": [
            1775.808716000098
        ]
    },
    "task_index": {
        "min": [
            0
        ],
        "max": [
            0
        ],
        "mean": [
            0.0
        ],
        "std": [
            0.0
        ],
        "count": [
            1794
        ],
        "q01": [
            3.9999999999994176e-16
        ],
        "q10": [
            3.999999999999417e-15
        ],
        "q50": [
            1.9999999999997088e-14
        ],
        "q90": [
            3.599999999999476e-14
        ],
        "q99": [
            3.9599999999994235e-14
        ]
    },
    "observation.images.front": {
        "min": [
            [
                [
                    0.0
                ]
            ],
            [
                [
                    0.0
                ]
            ],
            [
                [
                    0.0
                ]
            ]
        ],
        "max": [
            [
                [
                    1.0
                ]
            ],
            [
                [
                    1.0
                ]
            ],
            [
                [
                    1.0
                ]
            ]
        ],
        "mean": [
            [
                [
                    0.4835648417974586
                ]
            ],
            [
                [
                    0.48526441579047125
                ]
            ],
            [
                [
                    0.49155364069866164
                ]
            ]
        ],