{
    "action": {
        "min": [
            -16.395605087280273,
            -104.26373291015625,
            20.0,
            -24.351648330688477,
            -58.94505310058594,
            0.4156275987625122
        ],
        "max": [
            18.41758155822754,
            -27.340660095214844,
            97.71428680419922,
            71.56044006347656,
            -3.384615421295166,
            38.48711395263672
        ],
        "mean": [
            -3.1954803466796875,
            -94.59854125976562,
            93.97296905517578,
            57.626827239990234,
            -6.360387802124023,
            1.3836071491241455
        ],
        "std": [
            4.801104545593262,
            16.619918823242188,
            12.38505744934082,
            23.017412185668945,
            8.076055526733398,
            3.383869171142578
        ],
        "count": [
            1796
        ],
        "q01": [
            -15.78116409142812,
            -102.8483978506235,
            20.79206474304199,
            -13.802086410522461,
            -58.678511962890624,
            0.8284804205541257
        ],
        "q10": [
            -9.980927181243896,
            -101.01749046207092,
            96.30921325683593,
            13.372493362426757,
            -10.1587308883667,
            0.9112222776344802
        ],
        "q50": [
            -2.3274952235974764,
            -101.00794848506315,
            97.27028174758229,
            71.29722140568745,
            -3.736541593047889,
            0.9146219815357344
        ],
        "q90": [
            -1.9766232414245606,
            -53.71869968067516,
            97.27874627333865,
            71.54677029564267,
            -3.5557411193847654,
            0.9180216854369885
        ],
        "q99": [
            16.391733169555664,
            -32.70927673339844,
            97.4632631891424,
            71.55907308669318,
            -3.3860015396277108,
            24.18751453399658
        ]
    },
    "observation.state": {
        "min": [
            -22.19780158996582,
            -102.24176025390625,
            24.0,
            -23.16483497619629,
            -58.153846740722656,
            2.2602739334106445
        ],
        "max": [
            17.80219841003418,
            -7.0329670906066895,
            97.23076629638672,
            70.989013671875,
            23.868131637573242,
            33.698631286621094
        ],
        "mean": [
            -3.271876096725464,
            -94.09928894042969,
            93.91276550292969,
            57.52517318725586,
            -6.414230823516846,
            3.0116264820098877
        ],
        "std": [
            4.729618549346924,
            17.079347610473633,
            11.79135799407959,
            22.63852310180664,
            7.536786079406738,
            3.020538330078125
        ],
        "count": [
            1796
        ],
        "q01": [
            -15.428808442751567,
            -102.16481858400954,
            24.45344512939453,
            -13.919680442810058,
            -51.199039459228516,
            2.2602739334106445
        ],
        "q10": [
            -10.150556755065917,
            -100.92762323839911,
            95.2872215270996,
            12.70024757385254,
            -9.801941505311028,
            2.2602739334106445
        ],
        "q50": [
            -2.33044543849768,
            -100.915829730856,
            97.042793779742,
            70.97386989064161,
            -3.9169836182055477,
            2.2602739334106445
        ],
        "q90": [
            -2.1508526066371374,
            -53.37880753950639,
            97.05441583117069,
            70.98598491562832,
            -3.9069716746055585,
            3.558426647186279
        ],
        "q99": [
            16.394361267089845,
            -29.806153564453126,
            97.14201422669834,
            70.98871079625033,
            -3.9047189872955608,
            22.80234878540039
        ]
    },
    "timestamp": {
        "min": [
            0.0
        ],
        "max": [
            59.833333333333336
        ],
        "mean": [
            29.916666666666668
        ],
        "std": [
            17.282015378871627
        ],
        "count": [
            1796
        ],
        "q01": [
            0.5739213332352517
        ],
        "q10": [
            5.966579999919945
        ],
        "q50": [
            29.904699999999966
        ],
        "q90": [
            53.86675333341339
        ],
        "q99": [
            59.25941200009809
        ]
    },
    "frame_index": {
        "min": [
            0
        ],
        "max": [
            1795
        ],
        "mean": [
            897.5
        ],
        "std": [
            518.4604613661489
        ],
        "count": [
            1796
        ],
        "q01": [
            17.217639999901923
        ],
        "q10": [
            178.99739999991996
        ],
        "q50": [
            897.141
        ],
        "q90": [
            1616.00260000008
        ],
        "q99": [
            1777.782360000098
        ]
    },
    "episode_index": {
        "min": [
            0
        ],
        "max": [
            0
        ],
        "mean": [
            0.0
        ],
        "std": [
            0.0
        ],
        "count": [
            1796
        ],
        "q01": [
            3.9999999999994176e-16
        ],
        "q10": [
            3.999999999999418e-15
        ],
        "q50": [
            1.9999999999997088e-14
        ],
        "q90": [
            3.599999999999476e-14
        ],
        "q99": [
            3.9599999999994235e-14
        ]
    },
    "index": {
        "min": [
            0
        ],
        "max": [
            1795
        ],
        "mean": [
            897.5
        ],
        "std": [
            518.4604613661489
        ],
        "count": [
            1796
        ],
        "q01": [
            17.217639999901923
        ],
        "q10": [
            178.99739999991996
        ],
        "q50": [
            897.141
        ],
        "q90": [
            1616.00260000008
        ],
        "q99": [
            1777.782360000098
        ]
    },
    "task_index": {
        "min": [
            0
        ],
        "max": [
            0
        ],
        "mean": [
            0.0
        ],
        "std": [
            0.0
        ],
        "count": [
            1796
        ],
        "q01": [
            3.9999999999994176e-16
        ],
        "q10": [
            3.999999999999418e-15
        ],
        "q50": [
            1.9999999999997088e-14
        ],
        "q90": [
            3.599999999999476e-14
        ],
        "q99": [
            3.9599999999994235e-14
        ]
    },
    "observation.images.front": {
        "min": [
            [
                [
                    0.0
                ]
            ],
            [
                [
                    0.0
                ]
            ],
            [
                [
                    0.0
                ]
            ]
        ],
        "max": [
            [
                [
                    1.0
                ]
            ],
            [
                [
                    1.0
                ]
            ],
            [
                [
                    1.0
                ]
            ]
        ],
        "mean": [
            [
                [
                    0.5514362606354711
                ]
            ],
            [
                [
                    0.5493312805007853
                ]
            ],
            [
                [
                    0.5508961162787324
                ]
            ]
        ],